<templateSet group="CK JavaScript">
  <template name="strict" value="&quot;use strict&quot;;" description="Use Strict Mode" toReformat="true" toShortenFQNames="true">
    <context>
      <option name="HTML_TEXT" value="false" />
      <option name="HTML" value="false" />
      <option name="XSL_TEXT" value="false" />
      <option name="XML" value="false" />
      <option name="XML_TEXT" value="false" />
      <option name="JSON" value="false" />
      <option name="SQL" value="false" />
      <option name="CSS_PROPERTY_VALUE" value="false" />
      <option name="CSS_DECLARATION_BLOCK" value="false" />
      <option name="CSS_RULESET_LIST" value="false" />
      <option name="CSS" value="false" />
      <option name="JAVA_SCRIPT" value="false" />
      <option name="JS_EXPRESSION" value="false" />
      <option name="JS_STATEMENT" value="true" />
      <option name="TypeScript" value="false" />
      <option name="PHP" value="false" />
      <option name="PHP Comment" value="false" />
      <option name="PHP String Literal" value="false" />
      <option name="HAML" value="false" />
      <option name="OTHER" value="false" />
    </context>
  </template>
  <template name="for" value="for (var $INDEX$ = 0; $INDEX$ &lt; $ARRAY$.length; $INDEX$++) {&#10;  var $VAR$ = $ARRAY$[$INDEX$];&#10;  $END$&#10;}" description="for loop" toReformat="true" toShortenFQNames="true">
    <variable name="INDEX" expression="jsSuggestIndexName()" defaultValue="&quot;i&quot;" alwaysStopAt="true" />
    <variable name="ARRAY" expression="jsArrayVariable()" defaultValue="&quot;array&quot;" alwaysStopAt="true" />
    <variable name="VAR" expression="jsSuggestVariableName()" defaultValue="&quot;o&quot;" alwaysStopAt="true" />
    <context>
      <option name="JS_STATEMENT" value="true" />
    </context>
  </template>
  <template name="fun" value="function $NAME$($PARAM$) {&#10;  $END$&#10;}" description="function declaraion" toReformat="false" toShortenFQNames="true">
    <variable name="NAME" expression="" defaultValue="" alwaysStopAt="true" />
    <variable name="PARAM" expression="" defaultValue="" alwaysStopAt="true" />
    <context />
  </template>
</templateSet>