<templateSet group="CK jQuery">
  <template name="jq-Ready" value="$(function () {&#10;&#9;// do stuff&#10;&#9;$END$&#10;&#9;&#10;});" description="jQuery Document Ready" toReformat="false" toShortenFQNames="true">
    <context>
      <option name="JAVA_SCRIPT" value="true" />
      <option name="JS_EXPRESSION" value="true" />
      <option name="JS_STATEMENT" value="true" />
    </context>
  </template>
  <template name="jq-on" value="$('#addClass').on('click',function(e){&#10;            e.preventDefault();&#10;            // stuff here&#10;            &#10;        });" description="jQuery on click statement" toReformat="true" toShortenFQNames="true">
    <context>
      <option name="HTML_TEXT" value="false" />
      <option name="HTML" value="false" />
      <option name="XSL_TEXT" value="false" />
      <option name="XML" value="false" />
      <option name="SQL" value="false" />
      <option name="CSS_PROPERTY_VALUE" value="false" />
      <option name="CSS_DECLARATION_BLOCK" value="false" />
      <option name="CSS_RULESET_LIST" value="false" />
      <option name="CSS" value="false" />
      <option name="JAVA_SCRIPT" value="true" />
      <option name="PHP" value="false" />
      <option name="HAML" value="false" />
      <option name="OTHER" value="false" />
    </context>
  </template>
  <template name="jq-cdn" value=" &lt;script src=&quot;https://ajax.googleapis.com/ajax/libs/jquery/2.1.4/jquery.min.js&quot;&gt;&lt;/script&gt;" description="jQuery from Google CDN" toReformat="true" toShortenFQNames="true">
    <context>
      <option name="HTML_TEXT" value="true" />
      <option name="HTML" value="false" />
      <option name="XSL_TEXT" value="false" />
      <option name="XML" value="false" />
      <option name="XML_TEXT" value="false" />
      <option name="JSON" value="false" />
      <option name="SQL" value="false" />
      <option name="CSS_PROPERTY_VALUE" value="false" />
      <option name="CSS_DECLARATION_BLOCK" value="false" />
      <option name="CSS_RULESET_LIST" value="false" />
      <option name="CSS" value="false" />
      <option name="Twig" value="false" />
      <option name="JAVA_SCRIPT" value="false" />
      <option name="JS_EXPRESSION" value="false" />
      <option name="JSX_HTML" value="false" />
      <option name="JS_STATEMENT" value="false" />
      <option name="TypeScript" value="false" />
      <option name="CoffeeScript" value="false" />
      <option name="PHP" value="false" />
      <option name="PHP Comment" value="false" />
      <option name="PHP String Literal" value="false" />
      <option name="HAML" value="false" />
      <option name="OTHER" value="false" />
    </context>
  </template>
</templateSet>