<templateSet group="user">
  <template name="log" value="console.log($END$);" description="console.log" toReformat="true" toShortenFQNames="true">
    <context>
      <option name="HTML_TEXT" value="false" />
      <option name="HTML" value="false" />
      <option name="XSL_TEXT" value="false" />
      <option name="XML" value="false" />
      <option name="SQL" value="false" />
      <option name="CSS_PROPERTY_VALUE" value="false" />
      <option name="CSS_DECLARATION_BLOCK" value="false" />
      <option name="CSS_RULESET_LIST" value="false" />
      <option name="CSS" value="false" />
      <option name="JAVA_SCRIPT" value="true" />
      <option name="PHP" value="false" />
      <option name="HAML" value="false" />
      <option name="OTHER" value="false" />
    </context>
  </template>
  <template name="for" value="for ($$i=0; $$i&lt; count($END$); $$i++) {&#10;        &#10;}" description="for loop" toReformat="true" toShortenFQNames="true">
    <context>
      <option name="HTML_TEXT" value="false" />
      <option name="HTML" value="false" />
      <option name="XSL_TEXT" value="false" />
      <option name="XML" value="false" />
      <option name="SQL" value="false" />
      <option name="CSS_PROPERTY_VALUE" value="false" />
      <option name="CSS_DECLARATION_BLOCK" value="false" />
      <option name="CSS_RULESET_LIST" value="false" />
      <option name="CSS" value="false" />
      <option name="JAVA_SCRIPT" value="false" />
      <option name="PHP" value="true" />
      <option name="HAML" value="false" />
      <option name="OTHER" value="false" />
    </context>
  </template>
  <template name="section css" value="/* =============================================================================================== */&#10;/* ========================== collapsed sidebar styles  ========================================== */&#10;/* =============================================================================================== */" toReformat="true" toShortenFQNames="true">
    <context>
      <option name="HTML_TEXT" value="false" />
      <option name="HTML" value="false" />
      <option name="XSL_TEXT" value="false" />
      <option name="XML" value="false" />
      <option name="XML_TEXT" value="false" />
      <option name="JSON" value="false" />
      <option name="SQL" value="false" />
      <option name="CSS_PROPERTY_VALUE" value="false" />
      <option name="CSS_DECLARATION_BLOCK" value="false" />
      <option name="CSS_RULESET_LIST" value="true" />
      <option name="CSS" value="false" />
      <option name="JAVA_SCRIPT" value="false" />
      <option name="JS_EXPRESSION" value="false" />
      <option name="JS_STATEMENT" value="false" />
      <option name="TypeScript" value="false" />
      <option name="PHP" value="false" />
      <option name="PHP Comment" value="false" />
      <option name="PHP String Literal" value="false" />
      <option name="HAML" value="false" />
      <option name="OTHER" value="false" />
    </context>
  </template>
  <template name="section html" value="&lt;!-- ====================================================================================== --&gt;&#10;&lt;!-- =============================== sidebar offcanvas ==================================== --&gt;&#10;&lt;!-- ====================================================================================== --&gt;" description="html source comments section" toReformat="true" toShortenFQNames="true">
    <context>
      <option name="HTML_TEXT" value="true" />
      <option name="HTML" value="false" />
      <option name="XSL_TEXT" value="false" />
      <option name="XML" value="false" />
      <option name="XML_TEXT" value="false" />
      <option name="JSON" value="false" />
      <option name="SQL" value="false" />
      <option name="CSS_PROPERTY_VALUE" value="false" />
      <option name="CSS_DECLARATION_BLOCK" value="false" />
      <option name="CSS_RULESET_LIST" value="false" />
      <option name="CSS" value="false" />
      <option name="JAVA_SCRIPT" value="false" />
      <option name="JS_EXPRESSION" value="false" />
      <option name="JS_STATEMENT" value="false" />
      <option name="TypeScript" value="false" />
      <option name="PHP" value="false" />
      <option name="PHP Comment" value="false" />
      <option name="PHP String Literal" value="false" />
      <option name="HAML" value="false" />
      <option name="OTHER" value="false" />
    </context>
  </template>
  <template name="reqi" value="&lt;?php require(&quot;$folder$/$file$&quot;); ?&gt;" description="require element file" toReformat="true" toShortenFQNames="true">
    <variable name="folder" expression="" defaultValue="" alwaysStopAt="true" />
    <variable name="file" expression="" defaultValue="" alwaysStopAt="true" />
    <context>
      <option name="HTML_TEXT" value="true" />
      <option name="HTML" value="true" />
      <option name="XSL_TEXT" value="false" />
      <option name="XML" value="false" />
      <option name="XML_TEXT" value="false" />
      <option name="JSON" value="false" />
      <option name="SQL" value="false" />
      <option name="CSS_PROPERTY_VALUE" value="false" />
      <option name="CSS_DECLARATION_BLOCK" value="false" />
      <option name="CSS_RULESET_LIST" value="false" />
      <option name="CSS" value="false" />
      <option name="JAVA_SCRIPT" value="false" />
      <option name="JS_EXPRESSION" value="false" />
      <option name="JS_STATEMENT" value="false" />
      <option name="TypeScript" value="false" />
      <option name="PHP" value="true" />
      <option name="PHP Comment" value="false" />
      <option name="PHP String Literal" value="false" />
      <option name="HAML" value="false" />
      <option name="OTHER" value="false" />
    </context>
  </template>
  <template name="req" value="&lt;?php require(&quot;$folder$/$file$&quot;); ?&gt;" toReformat="false" toShortenFQNames="true">
    <variable name="folder" expression="" defaultValue="elements" alwaysStopAt="true" />
    <variable name="file" expression="" defaultValue="sidebar.php" alwaysStopAt="true" />
    <context>
      <option name="HTML_TEXT" value="true" />
      <option name="HTML" value="true" />
      <option name="PHP" value="true" />
    </context>
  </template>
  <template name="ck-entry" value="&lt;entry type=&quot;$TYPES$&quot;&gt;$END$ &lt;entry&gt;" toReformat="false" toShortenFQNames="true" deactivated="true">
    <variable name="TYPES" expression="" defaultValue="" alwaysStopAt="true" />
    <context>
      <option name="HTML_TEXT" value="true" />
      <option name="HTML" value="true" />
    </context>
  </template>
  <template name="region" value="&#9;// -----------------------------------------------------------------------------------------------------------------&#10;&#9;// region $NAME$&#10;&#10;$SELECTION$&#10;&#10;&#9;// endregion $NAME$&#10;&#9;// -----------------------------------------------------------------------------------------------------------------&#10;&#9;" description="Create a Region with Comment code" toReformat="true" toShortenFQNames="true">
    <variable name="NAME" expression="" defaultValue="&quot;MyRegion&quot;" alwaysStopAt="true" />
    <context>
      <option name="HTML_TEXT" value="false" />
      <option name="HTML" value="false" />
      <option name="XSL_TEXT" value="false" />
      <option name="XML" value="false" />
      <option name="XML_TEXT" value="false" />
      <option name="JSON" value="false" />
      <option name="SQL" value="false" />
      <option name="CSS_PROPERTY_VALUE" value="false" />
      <option name="CSS_DECLARATION_BLOCK" value="false" />
      <option name="CSS_RULESET_LIST" value="false" />
      <option name="CSS" value="false" />
      <option name="JAVA_SCRIPT" value="true" />
      <option name="JS_EXPRESSION" value="true" />
      <option name="JSX_HTML" value="true" />
      <option name="JS_STATEMENT" value="true" />
      <option name="TypeScript" value="false" />
      <option name="CoffeeScript" value="false" />
      <option name="PHP" value="true" />
      <option name="PHP Comment" value="false" />
      <option name="PHP String Literal" value="false" />
      <option name="HAML" value="false" />
      <option name="OTHER" value="false" />
    </context>
  </template>
  <template name="c body" value="&lt;!--    ________________&#10;_______/ Body tag start \____________________________________________________--&gt;" description="Comment Body Start" toReformat="true" toShortenFQNames="true">
    <context>
      <option name="HTML_TEXT" value="true" />
      <option name="HTML" value="false" />
      <option name="XSL_TEXT" value="false" />
      <option name="XML" value="false" />
      <option name="XML_TEXT" value="false" />
      <option name="JSON" value="false" />
      <option name="SQL" value="false" />
      <option name="CSS_PROPERTY_VALUE" value="false" />
      <option name="CSS_DECLARATION_BLOCK" value="false" />
      <option name="CSS_RULESET_LIST" value="false" />
      <option name="CSS" value="false" />
      <option name="Twig" value="false" />
      <option name="JAVA_SCRIPT" value="false" />
      <option name="JS_EXPRESSION" value="false" />
      <option name="JSX_HTML" value="false" />
      <option name="JS_STATEMENT" value="false" />
      <option name="TypeScript" value="false" />
      <option name="Handlebars" value="false" />
      <option name="CoffeeScript" value="false" />
      <option name="PHP" value="false" />
      <option name="PHP Comment" value="false" />
      <option name="PHP String Literal" value="false" />
      <option name="HAML" value="false" />
      <option name="OTHER" value="false" />
    </context>
  </template>
  <template name="c js" value="&lt;!--    _____________________________________&#10;_______/ Javascript includes below this line \_______________________________--&gt;" description="Comment Body Start JS" toReformat="true" toShortenFQNames="true">
    <context>
      <option name="HTML_TEXT" value="true" />
      <option name="HTML" value="false" />
      <option name="XSL_TEXT" value="false" />
      <option name="XML" value="false" />
      <option name="XML_TEXT" value="false" />
      <option name="JSON" value="false" />
      <option name="SQL" value="false" />
      <option name="CSS_PROPERTY_VALUE" value="false" />
      <option name="CSS_DECLARATION_BLOCK" value="false" />
      <option name="CSS_RULESET_LIST" value="false" />
      <option name="CSS" value="false" />
      <option name="Twig" value="false" />
      <option name="JAVA_SCRIPT" value="false" />
      <option name="JS_EXPRESSION" value="false" />
      <option name="JSX_HTML" value="false" />
      <option name="JS_STATEMENT" value="false" />
      <option name="TypeScript" value="false" />
      <option name="Handlebars" value="false" />
      <option name="CoffeeScript" value="false" />
      <option name="PHP" value="false" />
      <option name="PHP Comment" value="false" />
      <option name="PHP String Literal" value="false" />
      <option name="HAML" value="false" />
      <option name="OTHER" value="false" />
    </context>
  </template>
  <template name="c region" value="&#9; // region -----------------------| $NAME$ |-----------------------&#10;&#10;$SELECTION$&#10;&#10;&#9;// endregion $NAME$&#10;&#9;" description="Create a Region with Comment code" toReformat="true" toShortenFQNames="true">
    <variable name="NAME" expression="" defaultValue="&quot;MyRegion&quot;" alwaysStopAt="true" />
    <context>
      <option name="HTML_TEXT" value="false" />
      <option name="HTML" value="false" />
      <option name="XSL_TEXT" value="false" />
      <option name="XML" value="false" />
      <option name="XML_TEXT" value="false" />
      <option name="JSON" value="false" />
      <option name="SQL" value="false" />
      <option name="CSS_PROPERTY_VALUE" value="false" />
      <option name="CSS_DECLARATION_BLOCK" value="false" />
      <option name="CSS_RULESET_LIST" value="false" />
      <option name="CSS" value="false" />
      <option name="JAVA_SCRIPT" value="true" />
      <option name="JS_EXPRESSION" value="true" />
      <option name="JSX_HTML" value="true" />
      <option name="JS_STATEMENT" value="true" />
      <option name="TypeScript" value="false" />
      <option name="CoffeeScript" value="false" />
      <option name="PHP" value="true" />
      <option name="PHP Comment" value="false" />
      <option name="PHP String Literal" value="false" />
      <option name="HAML" value="false" />
      <option name="OTHER" value="false" />
    </context>
  </template>
  <template name="mn-module" value="MyApp.module(&quot;MyModule&quot;, function(MyModule, MyApp, Backbone, Marionette, $, _){&#10;&#10;    // The context of the function is also the module itself&#10;    this === MyModule; // =&gt; true&#10;&#10;    // Private Data And Functions&#10;    // --------------------------&#10;&#10;    var myData = &quot;this is private data&quot;;&#10;&#10;    var myFunction = function(){&#10;        console.log(myData);&#10;    }&#10;&#10;&#10;    // Public Data And Functions&#10;    // -------------------------&#10;&#10;    MyModule.someData = &quot;public data&quot;;&#10;&#10;    MyModule.someFunction = function(){&#10;        console.log(MyModule.someData);&#10;    }&#10;});" description="Marionette Module Template" toReformat="true" toShortenFQNames="true">
    <context>
      <option name="HTML_TEXT" value="false" />
      <option name="HTML" value="false" />
      <option name="XSL_TEXT" value="false" />
      <option name="XML" value="false" />
      <option name="XML_TEXT" value="false" />
      <option name="JSON" value="false" />
      <option name="SQL" value="false" />
      <option name="CSS_PROPERTY_VALUE" value="false" />
      <option name="CSS_DECLARATION_BLOCK" value="false" />
      <option name="CSS_RULESET_LIST" value="false" />
      <option name="CSS" value="false" />
      <option name="Twig" value="false" />
      <option name="JAVA_SCRIPT" value="false" />
      <option name="JS_EXPRESSION" value="false" />
      <option name="JSX_HTML" value="false" />
      <option name="JS_STATEMENT" value="true" />
      <option name="TypeScript" value="false" />
      <option name="Handlebars" value="false" />
      <option name="CoffeeScript" value="false" />
      <option name="PHP" value="false" />
      <option name="PHP Comment" value="false" />
      <option name="PHP String Literal" value="false" />
      <option name="HAML" value="false" />
      <option name="OTHER" value="false" />
    </context>
  </template>
</templateSet>