<application>
  <component name="KeyPromoterXStatistic">
    <option name="statistics">
      <Statistic Action="Terminal">
        <Item>
          <IdeaActionID>ActivateTerminalToolWindow</IdeaActionID>
          <ShortCut>'Alt+F12'</ShortCut>
          <Description>Terminal</Description>
          <Count>1</Count>
        </Item>
      </Statistic>
      <Statistic Action="Version Control">
        <Item>
          <IdeaActionID>ActivateVersionControlToolWindow</IdeaActionID>
          <ShortCut>'Alt+9' or 'Alt+Shift+9'</ShortCut>
          <Description>Version Control</Description>
          <Count>1</Count>
        </Item>
      </Statistic>
      <Statistic Action="切换行断点(L)">
        <Item>
          <IdeaActionID>ToggleLineBreakpoint</IdeaActionID>
          <ShortCut>'Ctrl+F8'</ShortCut>
          <Description>切换行断点(L)</Description>
          <Count>1</Count>
        </Item>
      </Statistic>
      <Statistic Action="声明(D)">
        <Item>
          <IdeaActionID>GotoDeclaration</IdeaActionID>
          <ShortCut>'Ctrl+B'</ShortCut>
          <Description>声明(D)</Description>
          <Count>37</Count>
        </Item>
      </Statistic>
      <Statistic Action="设置...(T)">
        <Item>
          <IdeaActionID>ShowSettings</IdeaActionID>
          <ShortCut>'Ctrl+Alt+S'</ShortCut>
          <Description>设置...(T)</Description>
          <Count>10</Count>
        </Item>
      </Statistic>
      <Statistic Action="重新格式化代码(R)">
        <Item>
          <IdeaActionID>ReformatCode</IdeaActionID>
          <ShortCut>'Ctrl+Alt+L'</ShortCut>
          <Description>重新格式化代码(R)</Description>
          <Count>1</Count>
        </Item>
      </Statistic>
    </option>
  </component>
</application>