<application>
  <component name="AppStorage">
    <histories>
      <item value="length exceeds the size of the pool and $no_duplicate_chars is enabled" />
      <item value="* Generates a string of random characters. * * @throws LengthException If $length is bigger than the available * character pool and $no_duplicate_chars is * enabled * * @param integer $length The length of the string to * generate * @param boolean $human_friendly Whether or not to make the * string human friendly by * removing characters that can be * confused with other characters ( * O and 0, l and 1, etc) * @param boolean $include_symbols Whether or not to include * symbols in the string. Can not * be enabled if $human_friendly is * true * @param boolean $no_duplicate_chars Whether or not to only use * characters once in the string." />
      <item value="Truncates the string to a given length, while ensuring that it does not * split words. If $substring is provided, and truncating occurs, the * string is further truncated so that the substring may be appended without * exceeding the desired length." />
      <item value="* Turns all of the links in a string into HTML links. * * Part of the LinkifyURL Project &lt;https://github.com/jmrware/LinkifyURL&gt; * * @param string $text The string to parse * @return string" />
      <item value="* Applies a mapping function to all values of an iterator. * * The function is passed the current iterator value and should return a * modified iterator value. The key is left as-is and not passed to the mapping * function. * * Examples: * * iter\map(iter\fn\operator('*', 2), [1, 2, 3, 4, 5]); * =&gt; iter(2, 4, 6, 8, 10) * * $column = map(fn\index('name'), $iter); * * @param callable $function Mapping function: mixed function(mixed $value) * @param array|Traversable $iterable Iterable to be mapped over" />
      <item value="assert" />
      <item value="rewind" />
      <item value="rewindable " />
      <item value="Wraps its argument in an array unless it is already an array" />
      <item value="Convert assoc array to comment style" />
      <item value="Sort an array by keys based on another array" />
      <item value="Get one field from array of arrays (array of objects)" />
      <item value="reverse" />
      <item value="Add cell to the start of assoc array" />
      <item value="recursive" />
      <item value="$onNoScalar Whether or not to call the callback function on non scalar values * (Objects, resources, etc)" />
      <item value="entities" />
      <item value="* Returns an array containing all the elements of arr1 after applying * the callback function to each one. * * @param string $callback Callback function to run for each element in each array * @param array $array An array to run through the callback function * @param boolean $onNoScalar Whether or not to call the callback function on non scalar values * (Objects, resources, etc)" />
      <item value="pluck" />
      <item value="pull" />
      <item value="* Flatten a multi-dimensional array into a one dimensional array. * * @param array $array The array to flatten * @param boolean $preserveKeys Whether or not to preserve array keys. Keys from deeply nested arrays will * overwrite keys from shallow nested arrays" />
      <item value="@param array $array The array to search * @param scalar $search The value to search for * @param string $field The field to search in, if not specified * all fields will be searched * @return boolean|scalar False on failure or the array key on success" />
      <item value="* Searches for a given value in an array of arrays, objects and scalar * values. You can optionally specify a field of the nested arrays and * objects to search in. *" />
      <item value="* Returns the number of arguments passed to the function * @link https://php.net/manual/en/function.func-num-args.php * @return int the number of arguments passed into the current user-defined * function. * @since 4.0 * @since 5.0" />
      <item value="* Reformats table to associative tree. Path looks like 'field|field[]field-&gt;field=field'. * @return array|\stdClass" />
      <item value="Reformats table to associative tree. Path looks like 'field|field[]field-&gt;field=field'. * @return array|\stdClass" />
      <item value="Returns flattened array. * @return array" />
      <item value="* Searches the array for a given key and returns the offset if successful. * @return int|false offset if it is found, false otherwise" />
      <item value="Since its first release, the Key Promoter X had more than 200.000 downloads. It is top-rated on the JetBrains site, and since it is entirely open-source, other plugin developers can browse through the code to understand how things are implemented. The plugin is not for me or a byproduct of something I would do anyway. It is for you who want to learn shortcuts in IntelliJ IDEA, and I give away some of my free time to keep it up to date and fix bugs. If you appreciate my efforts, then please donate some money. Latest changes &quot;Do not show again&quot; action dismisses the tip immediately (Issue 34) Increase possible settings for notification limits (Issue 30) Add plugin icon shown in the settings and the repository New icons that better integrate into the UI Implemented a setting to only show &quot;Keyboard&quot; shortcuts. This is default and can be adjusted. Fixed exception that occurred on closing Keymap dialog in 2018.3. Removed setting for maximum visible notifications. IDEA 2018.3 seems to restrict this itself. Implemented feature-request: Minimum count before notification Fixed empty tool-window with several windows open This message will only appear once for each new version. The donation link can later be found in the plugin description under Settings | Plugins | Key Promoter X." />
      <item value="Since its first release, the Key Promoter X had more than 200.000 downloads. It is top-rated on the JetBrains site, and since it is entirely open-source, other plugin developers can browse through the code to understand how things are implemented.&#10;The plugin is not for me or a byproduct of something I would do anyway. It is for you who want to learn shortcuts in IntelliJ IDEA, and I give away some of my free time to keep it up to date and fix bugs. If you appreciate my efforts, then please donate some money.&#10;Latest changes&#10;&quot;Do not show again&quot; action dismisses the tip immediately (Issue 34)&#10;Increase possible settings for notification limits (Issue 30)&#10;Add plugin icon shown in the settings and the repository&#10;New icons that better integrate into the UI&#10;Implemented a setting to only show &quot;Keyboard&quot; shortcuts. This is default and can be adjusted.&#10;Fixed exception that occurred on closing Keymap dialog in 2018.3.&#10;Removed setting for maximum visible notifications. IDEA 2018.3 seems to restrict this itself.&#10;Implemented feature-request: Minimum count before notification&#10;Fixed empty tool-window with several windows open This message will only appear once for each new version. The donation link can later be found in the plugin description under Settings | Plugins | Key Promoter X." />
      <item value="Searches the array for a given key and returns the offset if successful. * @return int|false offset if it is found, false otherwise" />
    </histories>
    <option name="languageScores">
      <map>
        <entry key="CHINESE" value="31" />
        <entry key="ENGLISH" value="32" />
      </map>
    </option>
  </component>
  <component name="Settings">
    <option name="ignoreRegExp" value="" />
  </component>
</application>